fsqa99	Tee_Harvad	1350813135318487040
i6fy2j	Sex270com	1350813145133039616
xshtom	alevargassana	1350813705701888000
knnw1y	Ant_I_R_Legend	1350813927836422150
1rha6ee	nwapaulb	1350813931426746371
edt4dm	diannemando	1350813944680763392
b7umfo	TweetsAvni	1350814013786005506
edc8vb	b_chapendama	1350814194820653063
1kk0w65	moogle_charm	1350814292090753026
116vhim	4662kb	1350814515080777733
1r5kib3	partlycloudypat	1350814524345991173
188r3pp	namarie_1008	1350814614129238017
q56uel	User849205	1350814666319126529
15e687z	DailyDisneyTake	1350814723458158592
uzargl	marysunfan94	1350814743943110660
1tci9eg	BenDunnell	1350814746073837574
1w8mbc	poiszonlips	1350814809470750722
17o0ydd	atlas_hashim	1350814825321005057
1nlxwxx	DeniseProctor20	1350814859068383232
1i4ppxk	Doniaamohamed11	1350814957902950402
12r1dl6	waccelyria	1350814995634905088
a2a3bp	Richard95806755	1350815105831874563
h4c7xy	alevargassana	1350815121787015168
dggvl3	iLoveGIRLSGIRLz	1350815145992351744
ly6rbx	Lindatn52	1350815153202335749
10ykk9b	JayRod212	1350815320718663680
rdlhp6	sirbrodieharris	1350815384576864260
k2bo1s	DietervonThiess	1350815452302348288
w85tqy	exolexiee	1350815705327828995
wu9lrd	notyourangelxz	1350815799636684800
w63af2	gonzalezgabriel	1350815804313509889
utfe3h	MimiTexasAngel	1350815912149004288
1jav7po	NoelaniJasmine	1350815986224513028
zigl0f	beanland93	1350816169490587648
11gypz8	r_arcaea_bot	1350816203711926272
3u64vo	pitsolu	1350816319575359488
1rhuivf	beanland93	1350816335480156160
8jbi9o	GayAnonQQueer	1350816349178748930
lo5ohd	str1cken	1350816414001725440
fe0wku	hyuckkkie	1350816435459813378
l4cisp	BackToScrizzy	1350816609292660738
1kuju9d	SR60053644	1350816663105658881
j88wn	maggiemopsa75	1350816698501386241
1nz1qkr	ManVsBeerGut	1350816712447422465
dzyear	thecoljt	1350816724287893504
vh4vz	bkshittu	1350816866298712065
asq0oi	CasperTheGhst	1350817012868546568
be3lcg	pauyyyyy	1350817039422668802
1pdn295	xotheashleyeve	1350817156808777728
98g6lb	Megavolt1	1350817331568541697
sos8oz	GreenPlanetTees	1350817538167418884
nzr3ie	LoMurfy	1350817686754889728
1o1q4am	ampcat81	1350817960584237056
1hmj0yw	minutialife	1350817996139356164
1nhdd0v	BonnieE56495447	1350818077294866435
1qagz4l	goldsteinbobby	1350818146903535616
1rpfd5k	Dandulum	1350818226515664896
x46daw	silentshot	1350818287328882690
16rjhjz	420_hybrids	1350818444153937924
18gwhij	andraste_	1350818446926258177
tjtp9z	Frances_DJuarez	1350818481718108160
fidln9	brakoo	1350818521140264968
q882b3	tammypdawson	1350818536072097794
ep5ay9	Simonetheboss2	1350818583002099714
tr0y5z	LabattBaby14	1350818970333552640
cwokx1	kiinako_mochii	1350819267923513344
zzhn9t	TzuSanta	1350819344331272193
1weh85i	FD2403	1350819412828446721
1jctbj4	TimAldridge4	1350819662968320003
1upkci1	duffy74_	1350819681788178434
1qeogr7	mcnairamoo	1350819787669123075
6z2pl9	avatans	1350819843839315968
1ufr9j5	Teejay63	1350819878819815426
fub9tq	FLYINGPIG1987	1350819917319327745
zq7p1w	ScottyDeezNC	1350819960721960960
1i9d95q	butterflyclyde	1350819990874824704
f1ia4a	dfuscoiii	1350820033388290049
1050rqv	AmberHumanBrown	1350820194327924736
1t6lcd9	Nature_MT	1350820197842776067
1r1wyh5	PeiPeriyar	1350820247230504963
14jnyb1	jonathan0158	1350820320991653891
1f73i92	boniface_ejike	1350820395243470850
1mdnrq0	Qutbism	1350820480710705154
1ymxwgr	dknippling	1350820504471482370
1mb5fjy	alexbenac	1350820538462179328
1jq8pbn	djp3007	1350820606762078208
1kirxuk	AceRedBand1t	1350820618086838272
r3ityu	MsDbMe1	1350820951017943043
qhzibf	jnlucifers	1350820968864866304
8yjti5	D_Stieber	1350821232674025479
u3wkj8	chronicpainwar	1350821249480589313
pto2pw	st4r_bright	1350821368162521089
l0nxt2	Brian7ins	1350821380711985160
8r2f8n	EdTreats	1350821574182637570
1uk7xvv	Seanismoney	1350821574501347328
pu39oo	thedimreaper1	1350821632315707395
h4505n	pedalprince2	1350821844497166336
bk9au4	ThomasLeath	1350821883135090693
1aoj80o	BillReagan16	1350821991104868355
8ikdgc	ibxdragon	1350822328440139782
13f46gy	thatgirlallison	1350822355837341696
lyq43s	BettyWicker4	1350822454755811328
7y85zr	supersocks18	1350822592022798337
11fyzd3	bradynho	1350822604890927104
dxmpkh	Ella32823623	1350822672733769730
f8z9p8	cerseisolipsism	1350822752933076995
1052xas	ibxdragon	1350822777222275080
bz2vck	swaggotlyrics	1350822913390219265
1klf713	Hector_McNeil	1350823093632200707
9i42xb	wot_doro	1350823109750829057
1omt5m1	LMianwaye	1350823254559232007
o10pci	craig_btlr	1350823439460937730
58kqyh	JasonMiles	1350823670680334339
oqx9dd	Eykis	1350823693937733634
b9nn9g	ilovefoodsz	1350823740733587456
1scuq16	royjamesmoss	1350823768801816577
u5qrsi	FINELINESBBY	1350823786539610112
16g986f	vizion_j	1350823790687739904
1frihie	AtlForum	1350823847675748354
156qa2n	KristinBentz	1350823852385869826
h5assf	PuroresuSSW	1350823891460120577
1qko7hw	elizabethlasche	1350823922099392516
u6dlqp	DerekRKing2	1350824102232272898
1x2gnvd	futbol__97	1350824258927288321
1ogpg8c	kadsmx	1350824287670857729
ahi75m	ankomah_mr	1350824353202647040
184y3nv	Bored_Trevor	1350824386241179654
fyv3gk	SuperASASSN	1350824536388866051
2ydk3o	r_udupa	1350824543628132352
42ov9x	_chanelyates	1350824665376301065
yfacjp	ErinDLit	1350824698091864067
1qp699g	covyid	1350824757642620929
f8njpk	davidcbaker	1350824778484092928
kglpnn	matthew_foord	1350824968146313217
kq9cma	faizanlakhani	1350825024748474371
1mgtlci	WKohakuMedia	1350825060060299265
1e54ll4	naaatflix	1350825104171696129
w74jcj	yytsnf	1350825444170469376
1iig1e0	85Alive85	1350825551112626178
1dcr26r	RunekeeperTV	1350825660026118145
w3wg0q	kryptonography	1350825697951043588
1qknhnk	dllahr	1350825740363853824
1rywjrs	Declan_Ryde	1350825777013673987
4c0vg9	OSMustie	1350825829165621248
1b075hd	NotGIJoe	1350825850548199426
szhseq	cmramsburg	1350825907678826496
1sz952e	DougBonjour	1350825994022760449
1dhva3k	FreddyToTheLiu	1350826094975303681
9ozrc3	Veevxm	1350826167641788420
uro0z4	TDavisFreep	1350826172540661760
1k47ap3	sunnyshanee	1350826174516232193
k8lcpa	LuckyOnesTV	1350826346214281219
bgbxiw	undefined	1350827124391882760
c1mzix	TonyHomewood	1350828472571191296
1xvjas7	MelLenhardt	1350828478715863042
1bdf3kn	MSFantasySports	1350828547187871745
cv7oda	zeronotaku	1350828603873890308
x3rfb3	wyntrrs	1350830458670465024
1kev4jz	Vanoossaa	1350830500554924035
1jgesi8	priceinaction	1350830582348058628
1xppsy3	JLewSings	1350830591655219200
xmlf7c	fiddlersgreen92	1350830784186351620
1xyvdsg	jozisoul	1350830933398618114
cx53gn	Suddenstorm0	1350830990273425414
16wt6kq	dctello	1350831159207481345
1euc9k4	hamaigis	1350831161392693248
zxu8gh	Frederi13178420	1350831249951227905
1117dbe	julesrkelley	1350831315407532034
75wzmm	Trap_Jesus	1350831328636317698
vre5h0	ArtistJeff61	1350831557980921857
14vfpiw	Sidewaysing	1350831864408367105
10ur5yn	RichardGeorge37	1350831922403008518
9f9nhe	succupony	1350831931093561348
qug951	tonysabo12	1350831940123807750
hdvc1s	cate_p_	1350832100577062919
1sgue56	DonaldMcJordan	1350844685091303430
1u241ge	SpringFord14	1350844772332744709
fq28ko	nickcini	1350844831829012481
sm7ch6	AlexMcLeod1992	1350844925814960128
17aag4n	FinnAlwaysWins	1350845008702799873
15mi0ku	iceandsprinkle	1350845340279320578
578i7l	JayHolz410	1350845369576525824
1wxbgif	MookieBaelock	1350845512077832194
159o4do	Thogori	1350845559876296706
j6zc0c	TarynItUpNY	1350846008155058178
zlmppn	StamSylvain	1350846424129429508
6js944	EarthWizardInfo	1350846543675478016
e39mh2	RandySavarese	1350846549513932801
15n08ng	chickfilasauced	1350846635442630656
nm6x60	barbara_orr	1350846683823935489
1xdmltu	DPilver	1350846695903473666
1pfahbb	bae_beanaa	1350846713163087874
75jlq9	NirrimsLiar	1350846713813213192
2zb675	Wingingvoice	1350846785128951811
1xnsejm	DeathEater826	1350846789314895873
19ynwcc	twiztidmagic	1350846897234325519
mxy9mv	Raffa2006	1350846902946963457
ia30kg	DRAVANlA	1350846970575937536
o87gqx	gerfritztr	1350847221546315779
1v3eq96	NORBET	1350847239355297797
o5ssf	oklahomok	1350847242257772544
g3hmbc	the_davidatta	1350847336969367552
12al9r	evphxra	1350847363686887425
1kzlusf	MHP_Horror	1350847371643641856
2nctym	wanyueism	1350847730873217026
d6oihj	Gonzo_The_GOAT	1350847810019725312
jwak0p	krmarko	1350847845004316673
1rnxu5j	TruthSeeker1267	1350848039288774657
15f3kbb	wildestartistry	1350848314196025344
39yp1q	StamSylvain	1350848340309774340
12p2xoq	CelticStoic	1350848352628432896
1nquaam	Manny83161828	1350848557994147842
1imjl4m	godbewithyou	1350848682082504706
16z3u2g	CoachFinamore	1350848702219493376
19imrb7	MrCrowleyTf	1350848834579132416
iyl0v	thehermitcoffee	1350848960160620544
1rauw9s	Tweets2any1	1350849159134380033
1n3kmpz	heetheworld	1350849180357558272
h1j8gg	florasujang	1350849228658995200
1j8o2va	NotGregVorob	1350849278017753088
1lxsm7x	KhushbuOShea	1350849361526353921
apwjsc	footboxing	1350849620675588096
1ak783x	skamaraj32	1350849693681676291
kq9jc7	bengoodridge	1350850031125999620
1rti846	JohnRscrimshaw	1350850208784121857
1t9xf0j	Louis7i	1350850211384614912
16wlvjo	DeneatraT	1350850219374731265
q1t19j	DanJordan1982	1350850222432399363
gs23md	brandonkscott	1350852327406759937
1c3wpvb	DanniRook	1350852565408182273
6f20ov	rhiwion	1350852576447770626
13everj	Marquis_Sangs	1350852580763693057
oj79i2	MayaVsWords	1350852621440086016
zl1v53	pinkmanalt	1350852644152242179
1rwdchj	Vanguard_Lancer	1350852673700913154
1wuc08q	SunriseLanding	1350852746669395968
v85lju	outofTIMe87	1350852754835574785
o9f5zm	mariahs_fanfic	1350852843910144002
n6gqoz	ecenbt	1350852856212025344
1y9qt5t	lastcaress1972	1350852858078498819
1kz76gs	julielerman	1350852910247247873
1q0biwo	MedicalGenes	1350853616593113089
978smc	saabrules1	1350853705550221318
aykge3	BookClubPro1	1350853713099976706
w6gcna	Kmilly920	1350853948790501381
1kcir1l	AngelNumberz	1350854009213607937
nao1b5	benjanun_s	1350854121750892550
6rn7ae	babarnley	1350854143422828544
82ettc	TheFieldOf68	1350854144249085952
1ff4mdt	olgaolha	1350854239527067655
4qdlyl	fanpop	1350854274553679872
qj2n3a	Dobrenkz	1350854354845134851
1fvc68b	eveeeee_x	1350854372125794304
c5oqjo	Brooks19732001	1350854431185764352
17a24k2	virtualbrian	1350854471341858818
1m7nqwo	wxntermoon	1350858748034772997
1ct6p5h	angellove917	1350865302708318211
1lqa64l	NE0PlNKz	1350865381473193987
1m8q0m1	ledrew	1350865470690353156
1imev0d	IGiveUp25142018	1350868547161960451
1m9kxxp	basedlizard	1350868574009610240
18ebpbs	jmcconnell70	1350868886997106688
orhdsw	janet49924617	1350868981989728257
k4h44y	MekanikalTrifle	1350868996648792072
1jjf6mn	MyTruCircle	1350869319505354752
h6jgjc	sunstarsys	1350869337675096068
1ck32jl	sushiwhoop	1350869391882088448
9ow356	LANCEOFLIONS	1350869425822556160
1u0pu0u	feistess	1350869710238326790
1v6n4cu	jaydomo_	1350869717905453058
15vgafq	joshuatodPRprof	1350869789829451780
11hcch7	DefeatLeftMedia	1350869874793447429
eaug83	teandfailure	1350869876689293312
1n699yb	bowiepinups	1350869933559713792
vbspte	lasym21	1350870022583889920
pxsnhh	inxilpro	1350870039755296768
e7mesw	marheeve	1350870222635458568
1l6og0c	miniyoonx	1350870258110885892
1415q4v	VonBilbo	1350870366252625923
7gfdnd	DJRooRox	1350870414357114880
5qz9xv	XPNAiiMODEDX26	1350870461630935040
2sj6xg	TheZMage	1350870488772329473
ycjq69	nanathetiger	1350870538177179650
1s5x7me	ejmarkow	1350870682213765125
1hsrod7	YannT1	1350870742846435328
1cn1cbz	manlikesaiya	1350870773037215746
1l0lhjc	Deano_GB	1350870812409139202
av64f8	CompanionFellow	1350870850539499520
1x6ao2h	___nde	1350870876082860035
5dyosg	davidsself	1350871005133111297
5iiqym	TaruvingaBright	1350871091233828866
1hp0066	maemurrayx	1350871100922753026
2hlefh	cullend	1350871113442729985
12df2ii	_bluebees	1350871114642288642
1npxvrk	Phoenix0317	1350871139002822658
1ak8n5z	RohitKorpal	1350871359279124480
1k9uo3l	mishellbaker	1350871500123906049
tgg4cr	Om_oh_	1350871612829163523
ursewx	gj1892	1350871882170511364
1x11429	_ShauryaChawla	1350872011384340481
1vwb53n	fitbooknerd45	1350872092355526660
vf9qu5	MyUserLogic	1350872096021295104
tyjj1o	Jeyram	1350872118267834370